id,template_question,intent,slots,answer_template
TPL_001,Nhà hàng [RES_NAME] mở cửa lúc mấy giờ?,ASK_OPENING_HOURS,RES_NAME,"Dạ, nhà hàng [RES_NAME] mở cửa phục vụ từ [OPENING_HOURS] ạ."
TPL_002,[RES_NAME] hoạt động trong khung giờ nào vậy bạn?,ASK_OPENING_HOURS,RES_NAME,Thời gian hoạt động của [RES_NAME] là [OPENING_HOURS] bạn nhé.
TPL_003,Cho mình hỏi giờ đóng cửa của [RES_NAME] với.,ASK_OPENING_HOURS,RES_NAME,Hiện tại [RES_NAME] phục vụ khách trong khung giờ [OPENING_HOURS] ạ.
TPL_004,"Bạn ơi, [RES_NAME] bắt đầu nhận khách từ mấy giờ?",ASK_OPENING_HOURS,RES_NAME,"Chào bạn, [RES_NAME] mở cửa đón khách từ [OPENING_HOURS] ạ."
TPL_005,Lịch mở cửa của [RES_NAME] thế nào nhỉ?,ASK_OPENING_HOURS,RES_NAME,Nhà hàng [RES_NAME] mở cửa theo lịch [OPENING_HOURS] ạ.
TPL_006,Mình muốn biết thời gian phục vụ tại [RES_NAME].,ASK_OPENING_HOURS,RES_NAME,Dạ thời gian phục vụ của [RES_NAME] là [OPENING_HOURS].
TPL_007,Sáng nay [RES_NAME] mấy giờ mở vậy?,ASK_OPENING_HOURS,RES_NAME,[RES_NAME] mở cửa lúc [OPENING_HOURS] ạ.
TPL_008,Tối nay [RES_NAME] đóng cửa lúc mấy giờ?,ASK_OPENING_HOURS,RES_NAME,Dạ [RES_NAME] sẽ đóng cửa vào lúc [OPENING_HOURS].
TPL_009,Giờ làm việc của quán [RES_NAME] ra sao?,ASK_OPENING_HOURS,RES_NAME,Giờ làm việc của [RES_NAME] là [OPENING_HOURS] ạ.
TPL_010,Khi nào thì [RES_NAME] bắt đầu bán?,ASK_OPENING_HOURS,RES_NAME,[RES_NAME] bắt đầu bán từ [OPENING_HOURS] bạn nhé.
TPL_011,Quán [RES_NAME] mở cửa cả ngày hay sao?,ASK_OPENING_HOURS,RES_NAME,Khung giờ mở cửa của [RES_NAME] là [OPENING_HOURS] ạ.
TPL_012,Cho hỏi thời gian hoạt động của [RES_NAME].,ASK_OPENING_HOURS,RES_NAME,Thông tin đến bạn: [RES_NAME] hoạt động từ [OPENING_HOURS].
TPL_013,Mấy giờ mình có thể ghé [RES_NAME] được?,ASK_OPENING_HOURS,RES_NAME,Bạn có thể ghé [RES_NAME] trong khoảng [OPENING_HOURS] nhé.
TPL_014,[RES_NAME] nghỉ lúc mấy giờ vậy ad?,ASK_OPENING_HOURS,RES_NAME,Dạ [RES_NAME] nghỉ lúc [OPENING_HOURS] ạ.
TPL_015,Xin thông tin giờ mở cửa [RES_NAME].,ASK_OPENING_HOURS,RES_NAME,Giờ mở cửa của [RES_NAME] là [OPENING_HOURS] ạ.
TPL_016,Có ai biết [RES_NAME] mở đến mấy giờ không?,ASK_OPENING_HOURS,RES_NAME,Nhà hàng [RES_NAME] mở cửa đến [OPENING_HOURS] ạ.
TPL_017,Khung giờ nhận khách của [RES_NAME] là bao nhiêu?,ASK_OPENING_HOURS,RES_NAME,[RES_NAME] nhận khách trong khung giờ [OPENING_HOURS].
TPL_018,Bây giờ đến [RES_NAME] thì có mở không?,ASK_OPENING_HOURS,RES_NAME,"Giờ mở cửa của [RES_NAME] là [OPENING_HOURS], bạn kiểm tra nhé."
TPL_019,[RES_NAME] mở cửa sớm hay muộn?,ASK_OPENING_HOURS,RES_NAME,[RES_NAME] mở cửa theo giờ: [OPENING_HOURS] ạ.
TPL_020,Cho mình xin lịch hoạt động của [RES_NAME].,ASK_OPENING_HOURS,RES_NAME,Lịch hoạt động của [RES_NAME]: [OPENING_HOURS] ạ.
TPL_021,Cho mình hỏi [RES_NAME] mở cửa tới mấy giờ đêm?,ASK_OPENING_HOURS,RES_NAME,[RES_NAME] mở cửa phục vụ đến [OPENING_HOURS] ạ.
TPL_022,Sáng mai mấy giờ ghé [RES_NAME] ăn được nhỉ?,ASK_OPENING_HOURS,RES_NAME,Bạn có thể ghé [RES_NAME] từ [OPENING_HOURS] nhé.
TPL_023,Giờ mở quán của [RES_NAME] là như thế nào?,ASK_OPENING_HOURS,RES_NAME,Giờ mở quán của [RES_NAME] là [OPENING_HOURS] ạ.
TPL_024,Có ai biết khung giờ [RES_NAME] làm việc không?,ASK_OPENING_HOURS,RES_NAME,[RES_NAME] làm việc trong khung giờ [OPENING_HOURS] ạ.
TPL_025,[RES_NAME] có nghỉ trưa không hay mở thông tầm?,ASK_OPENING_HOURS,RES_NAME,Thời gian hoạt động của [RES_NAME] là [OPENING_HOURS].
TPL_026,Muốn qua [RES_NAME] sớm thì mấy giờ được?,ASK_OPENING_HOURS,RES_NAME,[RES_NAME] bắt đầu đón khách từ [OPENING_HOURS] ạ.
TPL_027,Tầm này [RES_NAME] đã đóng cửa chưa?,ASK_OPENING_HOURS,RES_NAME,[RES_NAME] hoạt động theo lịch [OPENING_HOURS] bạn nhé.
TPL_028,Xin cái lịch mở bán của [RES_NAME].,ASK_OPENING_HOURS,RES_NAME,Lịch mở bán tại [RES_NAME]: [OPENING_HOURS].
TPL_029,[RES_NAME] open lúc mấy giờ vậy ad?,ASK_OPENING_HOURS,RES_NAME,Dạ [RES_NAME] open lúc [OPENING_HOURS] ạ.
TPL_030,Thời gian phục vụ khách của [RES_NAME] ra sao?,ASK_OPENING_HOURS,RES_NAME,[RES_NAME] phục vụ khách từ [OPENING_HOURS].
TPL_031,Cuối tuần [RES_NAME] mở giờ nào?,ASK_OPENING_HOURS,RES_NAME,Khung giờ mở cửa của [RES_NAME] là [OPENING_HOURS] ạ.
TPL_032,Mấy giờ thì nhân viên [RES_NAME] bắt đầu làm?,ASK_OPENING_HOURS,RES_NAME,Nhà hàng [RES_NAME] hoạt động từ [OPENING_HOURS] ạ.
TPL_033,Giờ nhận order cuối của [RES_NAME] là mấy giờ?,ASK_OPENING_HOURS,RES_NAME,[RES_NAME] mở cửa trong khoảng [OPENING_HOURS].
TPL_034,Cho hỏi [RES_NAME] chừng nào mở cửa?,ASK_OPENING_HOURS,RES_NAME,Dạ [RES_NAME] mở cửa lúc [OPENING_HOURS].
TPL_035,Quán [RES_NAME] có mở khuya không?,ASK_OPENING_HOURS,RES_NAME,Giờ hoạt động của [RES_NAME] là [OPENING_HOURS] ạ.
TPL_036,[RES_NAME] đóng cửa muộn nhất là mấy giờ?,ASK_OPENING_HOURS,RES_NAME,[RES_NAME] đóng cửa lúc [OPENING_HOURS] bạn nhé.
TPL_037,Check giúp mình giờ hoạt động [RES_NAME].,ASK_OPENING_HOURS,RES_NAME,Giờ hoạt động [RES_NAME]: [OPENING_HOURS].
TPL_038,"Alo, [RES_NAME] mấy giờ nghỉ bán?",ASK_OPENING_HOURS,RES_NAME,[RES_NAME] nghỉ bán vào lúc [OPENING_HOURS] ạ.
TPL_039,Giờ giấc của [RES_NAME] thế nào?,ASK_OPENING_HOURS,RES_NAME,[RES_NAME] mở từ [OPENING_HOURS] ạ.
TPL_040,[RES_NAME] mở cửa đón khách chưa?,ASK_OPENING_HOURS,RES_NAME,Lịch mở cửa của [RES_NAME] là [OPENING_HOURS] ạ.
TPL_041,Giờ mở cửa của [RES_NAME] là bao nhiêu?,ASK_OPENING_HOURS,RES_NAME,Dạ [RES_NAME] mở cửa từ [OPENING_HOURS] ạ.
TPL_042,[RES_NAME] có làm việc vào buổi sáng không?,ASK_OPENING_HOURS,RES_NAME,Dạ [RES_NAME] mở cửa phục vụ [OPENING_HOURS] ạ.
TPL_043,Tối nay [RES_NAME] đóng cửa lúc mấy giờ?,ASK_OPENING_HOURS,RES_NAME,Dạ [RES_NAME] đóng cửa lúc [OPENING_HOURS] (giờ kết thúc) ạ.
TPL_044,Cho hỏi lịch hoạt động của quán [RES_NAME],ASK_OPENING_HOURS,RES_NAME,Dạ lịch hoạt động của [RES_NAME]: [OPENING_HOURS] ạ.
TPL_045,Quán [RES_NAME] bắt đầu nhận khách từ mấy giờ?,ASK_OPENING_HOURS,RES_NAME,Dạ [RES_NAME] đón khách từ [OPENING_HOURS] ạ.
TPL_046,Nhà hàng [RES_NAME] mở cửa lúc mấy giờ?,ASK_OPENING_HOURS,RES_NAME,"Dạ, nhà hàng [RES_NAME] mở cửa phục vụ từ [OPENING_HOURS] ạ."
TPL_047,[RES_NAME] mở lúc mấy giờ?,ASK_OPENING_HOURS,RES_NAME,Nhà hàng [RES_NAME] hoạt động từ [OPENING_HOURS] ạ.
TPL_048,Giờ hoạt động của [RES_NAME]?,ASK_OPENING_HOURS,RES_NAME,[RES_NAME] phục vụ trong khung giờ [OPENING_HOURS] ạ.
TPL_049,[RES_NAME] phục vụ từ mấy giờ?,ASK_OPENING_HOURS,RES_NAME,Thời gian mở cửa của [RES_NAME] là [OPENING_HOURS] ạ.
TPL_050,Cho em hỏi giờ mở cửa [RES_NAME],ASK_OPENING_HOURS,RES_NAME,Dạ [RES_NAME] mở cửa [OPENING_HOURS] ạ.
TPL_051,Mấy giờ [RES_NAME] mở cửa?,ASK_OPENING_HOURS,RES_NAME,[RES_NAME] bắt đầu phục vụ từ [OPENING_HOURS] ạ.
TPL_052,[RES_NAME] làm việc mấy giờ?,ASK_OPENING_HOURS,RES_NAME,Giờ làm việc của [RES_NAME] là [OPENING_HOURS] ạ.
TPL_053,Thời gian hoạt động của [RES_NAME],ASK_OPENING_HOURS,RES_NAME,[RES_NAME] hoạt động trong khung [OPENING_HOURS] ạ.
TPL_054,[RES_NAME] bắt đầu lúc mấy giờ?,ASK_OPENING_HOURS,RES_NAME,Nhà hàng [RES_NAME] bắt đầu từ [OPENING_HOURS] ạ.
TPL_055,Giờ phục vụ [RES_NAME]?,ASK_OPENING_HOURS,RES_NAME,[RES_NAME] phục vụ khách từ [OPENING_HOURS] ạ.
TPL_056,[RES_NAME] mở cửa từ mấy giờ đến mấy giờ?,ASK_OPENING_HOURS,RES_NAME,Dạ [RES_NAME] mở cửa [OPENING_HOURS] ạ.
TPL_057,Khung giờ hoạt động [RES_NAME],ASK_OPENING_HOURS,RES_NAME,Khung giờ phục vụ của [RES_NAME] là [OPENING_HOURS] ạ.
TPL_058,[RES_NAME] đóng cửa lúc nào?,ASK_OPENING_HOURS,RES_NAME,[RES_NAME] mở cửa [OPENING_HOURS] ạ.
TPL_059,Xem giờ mở cửa [RES_NAME],ASK_OPENING_HOURS,RES_NAME,Giờ mở cửa [RES_NAME] là [OPENING_HOURS] ạ.
TPL_060,[RES_NAME] hoạt động vào giờ nào?,ASK_OPENING_HOURS,RES_NAME,[RES_NAME] hoạt động [OPENING_HOURS] ạ.










TPL_101,Nhà hàng [RES_NAME] ở đâu vậy?,ASK_ADDRESS,RES_NAME,Nhà hàng [RES_NAME] tọa lạc tại [ADDRESS] ạ.
TPL_102,Địa chỉ chính xác của [RES_NAME] là gì?,ASK_ADDRESS,RES_NAME,Địa chỉ của [RES_NAME] là [ADDRESS] bạn nhé.
TPL_103,Cho mình xin địa chỉ quán [RES_NAME] với.,ASK_ADDRESS,RES_NAME,"Dạ, [RES_NAME] nằm ở [ADDRESS] ạ."
TPL_104,[RES_NAME] nằm trên đường nào thế?,ASK_ADDRESS,RES_NAME,[RES_NAME] nằm tại địa chỉ [ADDRESS] ạ.
TPL_105,Làm sao để đi đến [RES_NAME]?,ASK_ADDRESS,RES_NAME,Bạn có thể ghé [RES_NAME] tại địa chỉ [ADDRESS] nhé.
TPL_106,Vị trí của [RES_NAME] là ở chỗ nào?,ASK_ADDRESS,RES_NAME,Vị trí của [RES_NAME] là [ADDRESS] ạ.
TPL_107,Chỉ đường cho mình đến [RES_NAME] được không?,ASK_ADDRESS,RES_NAME,Bạn đến [RES_NAME] theo địa chỉ này nhé: [ADDRESS].
TPL_108,Quán [RES_NAME] tọa lạc ở khu vực nào?,ASK_ADDRESS,RES_NAME,[RES_NAME] nằm ở [ADDRESS] ạ.
TPL_109,Mình đang tìm đường tới [RES_NAME].,ASK_ADDRESS,RES_NAME,Địa chỉ chính xác để bạn tới [RES_NAME] là [ADDRESS].
TPL_110,"[RES_NAME] có dễ tìm không, địa chỉ là gì?",ASK_ADDRESS,RES_NAME,"[RES_NAME] ở [ADDRESS], rất dễ tìm ạ."
TPL_111,Xin location của [RES_NAME] với.,ASK_ADDRESS,RES_NAME,Location của [RES_NAME]: [ADDRESS] ạ.
TPL_112,[RES_NAME] nằm ở quận mấy?,ASK_ADDRESS,RES_NAME,[RES_NAME] nằm tại [ADDRESS] ạ.
TPL_113,"Bạn ơi, quán [RES_NAME] địa chỉ cụ thể là sao?",ASK_ADDRESS,RES_NAME,Cụ thể [RES_NAME] ở số [ADDRESS] bạn nhé.
TPL_114,Cho hỏi đường đến nhà hàng [RES_NAME].,ASK_ADDRESS,RES_NAME,Nhà hàng [RES_NAME] tại [ADDRESS] ạ.
TPL_115,"[RES_NAME] nằm gần đâu, cho mình địa chỉ.",ASK_ADDRESS,RES_NAME,Địa chỉ [RES_NAME] là [ADDRESS] ạ.
TPL_116,"Mình muốn ghé [RES_NAME], cho mình địa chỉ nha.",ASK_ADDRESS,RES_NAME,Mời bạn ghé [RES_NAME] tại [ADDRESS] ạ.
TPL_117,Địa điểm của [RES_NAME] ở đâu?,ASK_ADDRESS,RES_NAME,Địa điểm của [RES_NAME] là [ADDRESS].
TPL_118,Quán [RES_NAME] ở khúc nào vậy?,ASK_ADDRESS,RES_NAME,Dạ [RES_NAME] ở [ADDRESS] ạ.
TPL_119,Gửi mình định vị của [RES_NAME] nhé.,ASK_ADDRESS,RES_NAME,Địa chỉ định vị của [RES_NAME] là [ADDRESS] ạ.
TPL_120,Trụ sở của [RES_NAME] nằm ở đâu?,ASK_ADDRESS,RES_NAME,[RES_NAME] nằm tại [ADDRESS] ạ.
TPL_121,Tìm đường tới [RES_NAME] giúp mình.,ASK_ADDRESS,RES_NAME,Bạn có thể đến [RES_NAME] tại [ADDRESS].
TPL_122,Quán [RES_NAME] nằm đoạn nào trên bản đồ?,ASK_ADDRESS,RES_NAME,[RES_NAME] nằm ở [ADDRESS] ạ.
TPL_123,"[RES_NAME] có gần trung tâm không, địa chỉ đâu?",ASK_ADDRESS,RES_NAME,Địa chỉ [RES_NAME] là [ADDRESS] ạ.
TPL_124,Cho mình xin toạ độ của [RES_NAME].,ASK_ADDRESS,RES_NAME,[RES_NAME] toạ lạc tại [ADDRESS].
TPL_125,Định vị [RES_NAME] chỗ nào vậy?,ASK_ADDRESS,RES_NAME,Vị trí của [RES_NAME] là [ADDRESS] ạ.
TPL_126,[RES_NAME] ở khúc đường nào?,ASK_ADDRESS,RES_NAME,[RES_NAME] nằm trên đường [ADDRESS].
TPL_127,Chỗ [RES_NAME] địa chỉ là gì thế?,ASK_ADDRESS,RES_NAME,Địa chỉ chỗ [RES_NAME] là [ADDRESS] ạ.
TPL_128,[RES_NAME] nằm ở số mấy?,ASK_ADDRESS,RES_NAME,Số địa chỉ của [RES_NAME] là [ADDRESS].
TPL_129,Bạn chỉ mình cách đi đến [RES_NAME] với.,ASK_ADDRESS,RES_NAME,Mời bạn đến [RES_NAME] theo địa chỉ [ADDRESS].
TPL_130,Cơ sở [RES_NAME] nằm ở đâu?,ASK_ADDRESS,RES_NAME,Cơ sở [RES_NAME] tại [ADDRESS] ạ.
TPL_131,[RES_NAME] địa chỉ cụ thể ra sao?,ASK_ADDRESS,RES_NAME,Cụ thể [RES_NAME] ở [ADDRESS] bạn nhé.
TPL_132,Gửi location [RES_NAME] qua đây giùm.,ASK_ADDRESS,RES_NAME,Location của [RES_NAME]: [ADDRESS].
TPL_133,Mình muốn biết nơi chốn của [RES_NAME].,ASK_ADDRESS,RES_NAME,[RES_NAME] ở tại [ADDRESS] ạ.
TPL_134,Search địa chỉ [RES_NAME] giúp tôi.,ASK_ADDRESS,RES_NAME,Kết quả địa chỉ [RES_NAME]: [ADDRESS].
TPL_135,Đường đi [RES_NAME] có dễ không?,ASK_ADDRESS,RES_NAME,"[RES_NAME] nằm ở [ADDRESS], đường đi rất thuận tiện."
TPL_136,Địa điểm quán [RES_NAME] ở mô?,ASK_ADDRESS,RES_NAME,[RES_NAME] ở tại [ADDRESS] ạ.
TPL_137,Nhà hàng [RES_NAME] tọa lạc phương nào?,ASK_ADDRESS,RES_NAME,[RES_NAME] tọa lạc tại [ADDRESS].
TPL_138,Cho địa chỉ để mình book grab tới [RES_NAME].,ASK_ADDRESS,RES_NAME,Bạn book xe tới [RES_NAME] địa chỉ: [ADDRESS] nhé.
TPL_139,[RES_NAME] ở khu nào vậy bạn?,ASK_ADDRESS,RES_NAME,[RES_NAME] nằm ở khu vực [ADDRESS].
TPL_140,Địa chỉ nhà hàng [RES_NAME] cho ai chưa biết.,ASK_ADDRESS,RES_NAME,Địa chỉ [RES_NAME] là [ADDRESS] ạ.
TPL_141,Địa chỉ chính xác của [RES_NAME] ở đâu?,ASK_ADDRESS,RES_NAME,Dạ địa chỉ [RES_NAME]: [ADDRESS] ạ.
TPL_142,Gửi vị trí [RES_NAME] cho mình với,ASK_ADDRESS,RES_NAME,Dạ [RES_NAME] nằm tại [ADDRESS] ạ.
TPL_143,Nhà hàng [RES_NAME] ở đâu?,ASK_ADDRESS,RES_NAME,"Dạ, nhà hàng [RES_NAME] tọa lạc tại [ADDRESS] ạ."
TPL_144,Địa chỉ [RES_NAME]?,ASK_ADDRESS,RES_NAME,[RES_NAME] có địa chỉ là [ADDRESS] ạ.
TPL_145,[RES_NAME] tọa lạc ở đâu?,ASK_ADDRESS,RES_NAME,[RES_NAME] nằm tại [ADDRESS] ạ.
TPL_146,Cho em hỏi [RES_NAME] ở đâu,ASK_ADDRESS,RES_NAME,[RES_NAME] ở [ADDRESS] ạ.
TPL_147,[RES_NAME] nằm ở đâu?,ASK_ADDRESS,RES_NAME,Địa chỉ [RES_NAME] là [ADDRESS] ạ.
TPL_148,Vị trí nhà hàng [RES_NAME],ASK_ADDRESS,RES_NAME,Vị trí của [RES_NAME] tại [ADDRESS] ạ.
TPL_149,[RES_NAME] địa chỉ gì?,ASK_ADDRESS,RES_NAME,Địa chỉ [RES_NAME] là [ADDRESS] ạ.
TPL_150,Mình tìm [RES_NAME] ở đâu?,ASK_ADDRESS,RES_NAME,Bạn có thể tìm [RES_NAME] tại [ADDRESS] ạ.
TPL_151,[RES_NAME] ở khu nào?,ASK_ADDRESS,RES_NAME,[RES_NAME] ở khu vực [ADDRESS] ạ.
TPL_152,Đường đến [RES_NAME]?,ASK_ADDRESS,RES_NAME,[RES_NAME] tại địa chỉ [ADDRESS] ạ.
TPL_153,Xem địa chỉ [RES_NAME],ASK_ADDRESS,RES_NAME,Địa chỉ [RES_NAME]: [ADDRESS] ạ.
TPL_154,[RES_NAME] ở đường nào?,ASK_ADDRESS,RES_NAME,[RES_NAME] tọa lạc tại [ADDRESS] ạ.
TPL_155,Tìm [RES_NAME] ở đâu?,ASK_ADDRESS,RES_NAME,Bạn tìm [RES_NAME] tại [ADDRESS] nhé.
TPL_156,[RES_NAME] có chi nhánh ở đâu?,ASK_ADDRESS,RES_NAME,[RES_NAME] có địa chỉ tại [ADDRESS] ạ.
TPL_157,Chỉ đường đến [RES_NAME],ASK_ADDRESS,RES_NAME,[RES_NAME] nằm ở [ADDRESS] ạ.










TPL_201,Số điện thoại của [RES_NAME] là bao nhiêu?,ASK_PHONE,RES_NAME,Số điện thoại liên hệ của [RES_NAME] là [PHONE] ạ.
TPL_202,Cho mình xin hotline đặt bàn tại [RES_NAME].,ASK_PHONE,RES_NAME,"Hotline của [RES_NAME] là [PHONE], bạn có thể gọi để được hỗ trợ nhé."
TPL_203,Làm sao để gọi cho [RES_NAME]?,ASK_PHONE,RES_NAME,Bạn có thể liên hệ [RES_NAME] qua số [PHONE] ạ.
TPL_204,"Mình cần liên hệ gấp với [RES_NAME], có số không?",ASK_PHONE,RES_NAME,Dạ bạn có thể gọi vào số [PHONE] của [RES_NAME] ạ.
TPL_205,SĐT tổng đài của [RES_NAME] là số mấy?,ASK_PHONE,RES_NAME,Số tổng đài của [RES_NAME] là [PHONE] ạ.
TPL_206,Bạn có số liên lạc của quản lý [RES_NAME] không?,ASK_PHONE,RES_NAME,Bạn vui lòng liên hệ số hotline chung của [RES_NAME] là [PHONE] nhé.
TPL_207,Cho xin contact của [RES_NAME] với.,ASK_PHONE,RES_NAME,Contact hotline của [RES_NAME] là [PHONE] ạ.
TPL_208,Muốn gọi đặt bàn [RES_NAME] thì gọi số nào?,ASK_PHONE,RES_NAME,"Để đặt bàn [RES_NAME], bạn gọi số [PHONE] ạ."
TPL_209,Hotline CSKH của [RES_NAME] là gì?,ASK_PHONE,RES_NAME,Hotline CSKH của [RES_NAME] là [PHONE] ạ.
TPL_210,Mình muốn gọi điện cho lễ tân [RES_NAME].,ASK_PHONE,RES_NAME,Số điện thoại lễ tân [RES_NAME] là [PHONE] bạn nhé.
TPL_211,[RES_NAME] có số di động hay bàn không?,ASK_PHONE,RES_NAME,Dạ số điện thoại chính thức của [RES_NAME] là [PHONE].
TPL_212,Xin số đt bàn của [RES_NAME].,ASK_PHONE,RES_NAME,Số điện thoại của [RES_NAME] đây ạ: [PHONE].
TPL_213,Có cách nào gọi trực tiếp cho [RES_NAME] không?,ASK_PHONE,RES_NAME,Bạn gọi trực tiếp số [PHONE] để gặp [RES_NAME] nhé.
TPL_214,Đường dây nóng của [RES_NAME] là số mấy?,ASK_PHONE,RES_NAME,Đường dây nóng [RES_NAME]: [PHONE] ạ.
TPL_215,Tìm giúp mình số điện thoại [RES_NAME].,ASK_PHONE,RES_NAME,Số điện thoại [RES_NAME] bạn cần là [PHONE].
TPL_216,"Mình cần gọi check đơn tại [RES_NAME], cho xin số.",ASK_PHONE,RES_NAME,Bạn gọi số [PHONE] để check với [RES_NAME] nhé.
TPL_217,Số phone của quán [RES_NAME] là gì?,ASK_PHONE,RES_NAME,Phone của [RES_NAME] là [PHONE] ạ.
TPL_218,Liên lạc với [RES_NAME] qua số nào?,ASK_PHONE,RES_NAME,Vui lòng liên lạc [RES_NAME] qua số [PHONE].
TPL_219,Hotline booking của [RES_NAME] bao nhiêu?,ASK_PHONE,RES_NAME,Hotline booking [RES_NAME] là [PHONE] ạ.
TPL_220,Cần xin số để gọi [RES_NAME] gấp.,ASK_PHONE,RES_NAME,Số điện thoại [RES_NAME] đây ạ: [PHONE].
TPL_221,Liên hệ [RES_NAME] số nào nhanh nhất?,ASK_PHONE,RES_NAME,Liên hệ nhanh nhất với [RES_NAME] qua số [PHONE] ạ.
TPL_222,Cho mình xin số điện thoại bàn [RES_NAME].,ASK_PHONE,RES_NAME,Số điện thoại bàn của [RES_NAME] là [PHONE].
TPL_223,Gọi đặt món ở [RES_NAME] qua số nào?,ASK_PHONE,RES_NAME,"Để đặt món, bạn gọi số [PHONE] của [RES_NAME] nhé."
TPL_224,Hotline hỗ trợ của [RES_NAME] là gì?,ASK_PHONE,RES_NAME,Hotline hỗ trợ [RES_NAME]: [PHONE].
TPL_225,Mình muốn gọi check bàn tại [RES_NAME].,ASK_PHONE,RES_NAME,Bạn gọi số [PHONE] để check bàn tại [RES_NAME] ạ.
TPL_226,Số di động của chủ quán [RES_NAME]?,ASK_PHONE,RES_NAME,Bạn vui lòng liên hệ hotline chung [RES_NAME]: [PHONE].
TPL_227,Tìm sđt [RES_NAME] giúp mình.,ASK_PHONE,RES_NAME,SĐT của [RES_NAME] là [PHONE] ạ.
TPL_228,Số phone [RES_NAME] bao nhiêu vậy?,ASK_PHONE,RES_NAME,Phone [RES_NAME] là [PHONE] ạ.
TPL_229,Contact number của [RES_NAME] là gì?,ASK_PHONE,RES_NAME,Contact number [RES_NAME]: [PHONE].
TPL_230,Cho xin số đường dây nóng [RES_NAME].,ASK_PHONE,RES_NAME,Đường dây nóng [RES_NAME] là [PHONE].
TPL_231,Mình cần số để phàn nàn dịch vụ [RES_NAME].,ASK_PHONE,RES_NAME,Bạn hãy gọi số CSKH [RES_NAME]: [PHONE].
TPL_232,Tổng đài đặt chỗ [RES_NAME] số mấy?,ASK_PHONE,RES_NAME,Tổng đài đặt chỗ [RES_NAME]: [PHONE].
TPL_233,[RES_NAME] có dùng Zalo số nào không?,ASK_PHONE,RES_NAME,Bạn có thể liên hệ [RES_NAME] qua số [PHONE].
TPL_234,Làm ơn cho số điện thoại [RES_NAME].,ASK_PHONE,RES_NAME,Số điện thoại [RES_NAME] đây ạ: [PHONE].
TPL_235,"Cần gọi [RES_NAME] gấp, cho số đi.",ASK_PHONE,RES_NAME,Số hotline [RES_NAME] là [PHONE] ạ.
TPL_236,Xin số hotline [RES_NAME] để hỏi đường.,ASK_PHONE,RES_NAME,Bạn gọi [PHONE] để hỏi đường đến [RES_NAME] nhé.
TPL_237,Số máy bàn của [RES_NAME] là số nào?,ASK_PHONE,RES_NAME,Số máy của [RES_NAME] là [PHONE].
TPL_238,Có số nào liên lạc được với lễ tân [RES_NAME] không?,ASK_PHONE,RES_NAME,Số lễ tân [RES_NAME] là [PHONE] ạ.
TPL_239,Tra cứu sđt nhà hàng [RES_NAME].,ASK_PHONE,RES_NAME,SĐT nhà hàng [RES_NAME]: [PHONE].
TPL_240,Mình muốn xin contact [RES_NAME].,ASK_PHONE,RES_NAME,Contact của [RES_NAME] là [PHONE] ạ.
TPL_241,Số điện thoại [RES_NAME]?,ASK_PHONE,RES_NAME,Số điện thoại [RES_NAME] là [PHONE_NUMBER] ạ.
TPL_242,[RES_NAME] số máy bao nhiêu?,ASK_PHONE,RES_NAME,[RES_NAME] có số [PHONE_NUMBER] ạ.
TPL_243,Liên hệ [RES_NAME] qua số nào?,ASK_PHONE,RES_NAME,Bạn liên hệ [RES_NAME] qua số [PHONE_NUMBER] ạ.
TPL_244,Cho em xin số [RES_NAME],ASK_PHONE,RES_NAME,Dạ số [RES_NAME] là [PHONE_NUMBER] ạ.
TPL_245,[RES_NAME] điện thoại mấy?,ASK_PHONE,RES_NAME,Điện thoại [RES_NAME]: [PHONE_NUMBER] ạ.
TPL_246,Gọi [RES_NAME] số nào?,ASK_PHONE,RES_NAME,Bạn gọi [RES_NAME] số [PHONE_NUMBER] ạ.
TPL_247,Hotline [RES_NAME],ASK_PHONE,RES_NAME,Hotline [RES_NAME]: [PHONE_NUMBER] ạ.
TPL_248,Xem số điện thoại [RES_NAME],ASK_PHONE,RES_NAME,Số điện thoại [RES_NAME]: [PHONE_NUMBER] ạ.
TPL_249,[RES_NAME] liên hệ số mấy?,ASK_PHONE,RES_NAME,[RES_NAME] liên hệ qua [PHONE_NUMBER] ạ.
TPL_250,Đặt bàn [RES_NAME] gọi số nào?,ASK_PHONE,RES_NAME,Đặt bàn [RES_NAME] gọi [PHONE_NUMBER] ạ.
TPL_251,Contact [RES_NAME],ASK_PHONE,RES_NAME,Contact [RES_NAME]: [PHONE_NUMBER] ạ.
TPL_252,[RES_NAME] số hotline?,ASK_PHONE,RES_NAME,Hotline [RES_NAME] là [PHONE_NUMBER] ạ.







TPL_401,[RES_NAME] có những món gì ngon?,ASK_MENU,RES_NAME,Dạ đây là thực đơn của [RES_NAME] ạ: [MENU_LIST].
TPL_402,Cho mình xem menu của [RES_NAME] được không?,ASK_MENU,RES_NAME,Mời bạn tham khảo menu của [RES_NAME]: [MENU_LIST].
TPL_403,Thực đơn bên [RES_NAME] gồm những món nào?,ASK_MENU,RES_NAME,Thực đơn tại [RES_NAME] bao gồm: [MENU_LIST].
TPL_404,[RES_NAME] đang phục vụ các món ăn nào?,ASK_MENU,RES_NAME,Hiện [RES_NAME] đang phục vụ các món: [MENU_LIST].
TPL_405,Gửi giúp mình danh sách món ăn tại [RES_NAME] nhé.,ASK_MENU,RES_NAME,"Dạ, danh sách món ăn tại [RES_NAME] đây ạ: [MENU_LIST]."
TPL_406,Mình muốn biết menu hiện tại của [RES_NAME].,ASK_MENU,RES_NAME,Thực đơn hiện tại của [RES_NAME] gồm: [MENU_LIST].
TPL_407,Đến [RES_NAME] thì có món gì ăn?,ASK_MENU,RES_NAME,Đến [RES_NAME] bạn có thể dùng: [MENU_LIST].
TPL_408,List món ăn ở [RES_NAME] có gì đặc biệt?,ASK_MENU,RES_NAME,[RES_NAME] có các món đặc biệt như: [MENU_LIST].
TPL_409,Tư vấn thực đơn [RES_NAME] giúp mình.,ASK_MENU,RES_NAME,Dạ thực đơn [RES_NAME] có: [MENU_LIST].
TPL_410,Mình muốn xem qua menu [RES_NAME] trước khi đến.,ASK_MENU,RES_NAME,Dạ đây là menu của [RES_NAME] ạ: [MENU_LIST].
TPL_411,[RES_NAME] bán những món gì vậy?,ASK_MENU,RES_NAME,[RES_NAME] chuyên các món: [MENU_LIST].
TPL_412,Có gì ăn ở [RES_NAME] không?,ASK_MENU,RES_NAME,Tại [RES_NAME] có rất nhiều món ngon: [MENU_LIST].
TPL_413,Xin cái menu của [RES_NAME] với ạ.,ASK_MENU,RES_NAME,Gửi bạn menu của [RES_NAME]: [MENU_LIST].
TPL_414,Liệt kê các món chính ở [RES_NAME] đi.,ASK_MENU,RES_NAME,Các món ăn tại [RES_NAME] gồm: [MENU_LIST].
TPL_415,Thực đơn [RES_NAME] hôm nay có gì?,ASK_MENU,RES_NAME,Hôm nay [RES_NAME] phục vụ: [MENU_LIST].
TPL_416,Mình muốn tham khảo đồ ăn bên [RES_NAME].,ASK_MENU,RES_NAME,Mời bạn xem qua đồ ăn tại [RES_NAME]: [MENU_LIST].
TPL_417,Menu quán [RES_NAME] đa dạng không?,ASK_MENU,RES_NAME,[RES_NAME] có menu rất đa dạng: [MENU_LIST].
TPL_418,Cho hỏi thực đơn chi tiết của [RES_NAME].,ASK_MENU,RES_NAME,Chi tiết thực đơn [RES_NAME] đây ạ: [MENU_LIST].
TPL_419,Ở [RES_NAME] phục vụ món Á hay Âu?,ASK_MENU,RES_NAME,Thực đơn [RES_NAME] bao gồm: [MENU_LIST].
TPL_420,Danh sách món ngon tại [RES_NAME] là gì?,ASK_MENU,RES_NAME,Danh sách món tại [RES_NAME]: [MENU_LIST].
TPL_421,Món best seller ở [RES_NAME] là gì?,ASK_MENU,RES_NAME,Các món best seller tại [RES_NAME] gồm: [MENU_LIST].
TPL_422,Gửi mình cái thực đơn [RES_NAME] coi chơi.,ASK_MENU,RES_NAME,Gửi bạn thực đơn [RES_NAME]: [MENU_LIST].
TPL_423,Menu [RES_NAME] có phong phú không?,ASK_MENU,RES_NAME,[RES_NAME] có menu rất phong phú: [MENU_LIST].
TPL_424,Đồ ăn ở [RES_NAME] gồm những gì?,ASK_MENU,RES_NAME,Đồ ăn tại [RES_NAME] bao gồm: [MENU_LIST].
TPL_425,[RES_NAME] phục vụ những món nào vậy?,ASK_MENU,RES_NAME,[RES_NAME] phục vụ các món: [MENU_LIST].
TPL_426,Có món gì lạ ở [RES_NAME] không?,ASK_MENU,RES_NAME,[RES_NAME] có các món đặc sắc như: [MENU_LIST].
TPL_427,Mình chưa biết ăn gì ở [RES_NAME].,ASK_MENU,RES_NAME,Bạn có thể tham khảo menu [RES_NAME]: [MENU_LIST].
TPL_428,List món ngon quán [RES_NAME].,ASK_MENU,RES_NAME,List món ngon tại [RES_NAME]: [MENU_LIST].
TPL_429,Cho mình xin ảnh menu [RES_NAME] được không?,ASK_MENU,RES_NAME,Dạ mình gửi bạn danh sách món ăn tại [RES_NAME]: [MENU_LIST].
TPL_430,Hỏi về thực đơn quán [RES_NAME].,ASK_MENU,RES_NAME,Thực đơn quán [RES_NAME] gồm: [MENU_LIST].
TPL_431,[RES_NAME] bán đồ ăn gì thế?,ASK_MENU,RES_NAME,[RES_NAME] bán các món: [MENU_LIST].
TPL_432,Menu chính của [RES_NAME] là gì?,ASK_MENU,RES_NAME,Menu chính của [RES_NAME] có: [MENU_LIST].
TPL_433,Giới thiệu món ăn [RES_NAME].,ASK_MENU,RES_NAME,Xin giới thiệu các món ăn tại [RES_NAME]: [MENU_LIST].
TPL_434,Xem list đồ ăn [RES_NAME].,ASK_MENU,RES_NAME,List đồ ăn [RES_NAME]: [MENU_LIST].
TPL_435,Ở [RES_NAME] ăn món gì ngon nhất?,ASK_MENU,RES_NAME,Tại [RES_NAME] bạn nên thử: [MENU_LIST].
TPL_436,Thực đơn tham khảo [RES_NAME].,ASK_MENU,RES_NAME,Mời bạn tham khảo thực đơn [RES_NAME]: [MENU_LIST].
TPL_437,Các món đặc sản của [RES_NAME].,ASK_MENU,RES_NAME,Đặc sản [RES_NAME] gồm: [MENU_LIST].
TPL_438,Mình muốn xem danh sách món [RES_NAME].,ASK_MENU,RES_NAME,Danh sách món [RES_NAME] đây ạ: [MENU_LIST].
TPL_439,[RES_NAME] có menu mới chưa?,ASK_MENU,RES_NAME,Menu hiện tại của [RES_NAME] gồm: [MENU_LIST].
TPL_440,Tư vấn món ăn tại [RES_NAME].,ASK_MENU,RES_NAME,Dạ [RES_NAME] có các món: [MENU_LIST].
TPL_441,Nhà hàng [RES_NAME] có món gì?,ASK_MENU,RES_NAME,Menu [RES_NAME] gồm: [MENU_ITEMS] ạ.
TPL_442,Menu [RES_NAME]?,ASK_MENU,RES_NAME,Dạ menu [RES_NAME]: [MENU_ITEMS] ạ.
TPL_443,[RES_NAME] phục vụ món gì?,ASK_MENU,RES_NAME,[RES_NAME] phục vụ các món: [MENU_ITEMS] ạ.
TPL_444,Danh sách món ăn [RES_NAME],ASK_MENU,RES_NAME,Danh sách món [RES_NAME]: [MENU_ITEMS] ạ.
TPL_445,[RES_NAME] có những món nào?,ASK_MENU,RES_NAME,[RES_NAME] có: [MENU_ITEMS] ạ.
TPL_446,Xem menu [RES_NAME],ASK_MENU,RES_NAME,Menu [RES_NAME] bao gồm [MENU_ITEMS] ạ.
TPL_447,[RES_NAME] bán món gì?,ASK_MENU,RES_NAME,[RES_NAME] bán [MENU_ITEMS] ạ.
TPL_448,Cho xem menu của [RES_NAME],ASK_MENU,RES_NAME,Menu [RES_NAME]: [MENU_ITEMS] ạ.
TPL_449,[RES_NAME] có món ăn gì?,ASK_MENU,RES_NAME,Món ăn [RES_NAME]: [MENU_ITEMS] ạ.
TPL_450,Món ăn tại [RES_NAME]?,ASK_MENU,RES_NAME,Các món tại [RES_NAME]: [MENU_ITEMS] ạ.
TPL_451,[RES_NAME] có đặc sản gì?,ASK_MENU,RES_NAME,Đặc sản [RES_NAME]: [MENU_ITEMS] ạ.
TPL_452,Món ngon [RES_NAME],ASK_MENU,RES_NAME,Món ngon tại [RES_NAME]: [MENU_ITEMS] ạ.
TPL_453,Thực đơn [RES_NAME],ASK_MENU,RES_NAME,Thực đơn [RES_NAME]: [MENU_ITEMS] ạ.
TPL_454,[RES_NAME] có gì để ăn?,ASK_MENU,RES_NAME,[RES_NAME] có [MENU_ITEMS] ạ.
TPL_455,Món ăn nào [RES_NAME] có?,ASK_MENU,RES_NAME,[RES_NAME] có các món: [MENU_ITEMS] ạ.











TPL_501,Món [DISH_NAME] ở [RES_NAME] giá bao nhiêu?,ASK_DISH_PRICE,"DISH_NAME,RES_NAME",Món [DISH_NAME] tại [RES_NAME] có giá là [PRICE] ạ.
TPL_502,Giá của [DISH_NAME] tại [RES_NAME] là mấy tiền?,ASK_DISH_PRICE,"DISH_NAME,RES_NAME",Dạ giá của [DISH_NAME] ở [RES_NAME] là [PRICE].
TPL_503,Cho hỏi giá niêm yết món [DISH_NAME] bên [RES_NAME].,ASK_DISH_PRICE,"DISH_NAME,RES_NAME",Hiện tại món [DISH_NAME] ở [RES_NAME] đang có giá [PRICE] ạ.
TPL_504,Món [DISH_NAME] của [RES_NAME] có đắt không?,ASK_DISH_PRICE,"DISH_NAME,RES_NAME",Món [DISH_NAME] tại [RES_NAME] có mức giá là [PRICE] bạn nhé.
TPL_505,Báo giá giúp mình món [DISH_NAME] tại [RES_NAME].,ASK_DISH_PRICE,"DISH_NAME,RES_NAME",Dạ món [DISH_NAME] ở [RES_NAME] có giá [PRICE] ạ.
TPL_506,Mình muốn biết giá một phần [DISH_NAME] ở [RES_NAME].,ASK_DISH_PRICE,"DISH_NAME,RES_NAME",Một phần [DISH_NAME] tại [RES_NAME] giá là [PRICE] ạ.
TPL_507,[DISH_NAME] trong menu [RES_NAME] bán bao nhiêu?,ASK_DISH_PRICE,"DISH_NAME,RES_NAME",[DISH_NAME] trong menu [RES_NAME] bán với giá [PRICE] ạ.
TPL_508,Xin giá món [DISH_NAME] ở [RES_NAME].,ASK_DISH_PRICE,"DISH_NAME,RES_NAME",Giá món [DISH_NAME] là [PRICE] tại [RES_NAME] ạ.
TPL_509,Chi phí cho món [DISH_NAME] tại [RES_NAME] là bao nhiêu?,ASK_DISH_PRICE,"DISH_NAME,RES_NAME",Bạn sẽ chi [PRICE] cho món [DISH_NAME] tại [RES_NAME] ạ.
TPL_510,[DISH_NAME] ở [RES_NAME] bao nhiêu 1 suất?,ASK_DISH_PRICE,"DISH_NAME,RES_NAME",Một suất [DISH_NAME] ở [RES_NAME] giá [PRICE] ạ.
TPL_511,Giá tiền của [DISH_NAME] quán [RES_NAME]?,ASK_DISH_PRICE,"DISH_NAME,RES_NAME",[DISH_NAME] quán [RES_NAME] có giá [PRICE].
TPL_512,Món [DISH_NAME] bên [RES_NAME] giá cao không?,ASK_DISH_PRICE,"DISH_NAME,RES_NAME",Giá [DISH_NAME] bên [RES_NAME] là [PRICE] ạ.
TPL_513,Cho hỏi giá [DISH_NAME] của [RES_NAME] hiện tại.,ASK_DISH_PRICE,"DISH_NAME,RES_NAME",Hiện tại [DISH_NAME] của [RES_NAME] giá [PRICE].
TPL_514,[RES_NAME] bán [DISH_NAME] giá sao?,ASK_DISH_PRICE,"DISH_NAME,RES_NAME",[RES_NAME] bán [DISH_NAME] với giá [PRICE] ạ.
TPL_515,Check giá [DISH_NAME] tại [RES_NAME] giúp mình.,ASK_DISH_PRICE,"DISH_NAME,RES_NAME",Giá [DISH_NAME] tại [RES_NAME] là [PRICE] ạ.
TPL_516,Một dĩa [DISH_NAME] ở [RES_NAME] giá nhiêu?,ASK_DISH_PRICE,"DISH_NAME,RES_NAME",Dĩa [DISH_NAME] ở [RES_NAME] giá [PRICE] nhé.
TPL_517,Mức giá món [DISH_NAME] tại [RES_NAME].,ASK_DISH_PRICE,"DISH_NAME,RES_NAME",Món [DISH_NAME] tại [RES_NAME] có mức giá [PRICE].
TPL_518,Tiền món [DISH_NAME] ở [RES_NAME] là bao nhiêu?,ASK_DISH_PRICE,"DISH_NAME,RES_NAME",Món [DISH_NAME] tại [RES_NAME] giá [PRICE] ạ.
TPL_519,[DISH_NAME] tại [RES_NAME] giá rẻ hay đắt?,ASK_DISH_PRICE,"DISH_NAME,RES_NAME",Món [DISH_NAME] tại [RES_NAME] đang có giá [PRICE] ạ.
TPL_520,Hỏi giá món [DISH_NAME] của [RES_NAME].,ASK_DISH_PRICE,"DISH_NAME,RES_NAME",Giá món [DISH_NAME] của [RES_NAME] là [PRICE].
TPL_521,Xin giá [DISH_NAME] tại [RES_NAME] cái.,ASK_DISH_PRICE,"DISH_NAME,RES_NAME",Giá [DISH_NAME] tại [RES_NAME] là [PRICE] nhé.
TPL_522,[DISH_NAME] bên [RES_NAME] bán mấy tiền?,ASK_DISH_PRICE,"DISH_NAME,RES_NAME",[DISH_NAME] bên [RES_NAME] bán giá [PRICE] ạ.
TPL_523,Giá cả món [DISH_NAME] ở [RES_NAME] thế nào?,ASK_DISH_PRICE,"DISH_NAME,RES_NAME",Món [DISH_NAME] ở [RES_NAME] có giá [PRICE] ạ.
TPL_524,[RES_NAME] tính tiền món [DISH_NAME] bao nhiêu?,ASK_DISH_PRICE,"DISH_NAME,RES_NAME",[RES_NAME] tính món [DISH_NAME] giá [PRICE].
TPL_525,Cho biết giá [DISH_NAME] quán [RES_NAME].,ASK_DISH_PRICE,"DISH_NAME,RES_NAME",Giá [DISH_NAME] quán [RES_NAME] là [PRICE].
TPL_526,Món [DISH_NAME] của [RES_NAME] rẻ không?,ASK_DISH_PRICE,"DISH_NAME,RES_NAME",Giá món [DISH_NAME] tại [RES_NAME] là [PRICE] ạ.
TPL_527,Bao nhiêu tiền 1 phần [DISH_NAME] ở [RES_NAME]?,ASK_DISH_PRICE,"DISH_NAME,RES_NAME",Một phần [DISH_NAME] ở [RES_NAME] giá [PRICE] ạ.
TPL_528,[DISH_NAME] tại [RES_NAME] giá bao nhiêu vậy shop?,ASK_DISH_PRICE,"DISH_NAME,RES_NAME",Dạ [DISH_NAME] tại [RES_NAME] giá [PRICE] ạ.
TPL_529,Hỏi giá tiền [DISH_NAME] [RES_NAME].,ASK_DISH_PRICE,"DISH_NAME,RES_NAME",Giá tiền [DISH_NAME] [RES_NAME] là [PRICE].
TPL_530,Giá order [DISH_NAME] tại [RES_NAME]?,ASK_DISH_PRICE,"DISH_NAME,RES_NAME",Giá order [DISH_NAME] tại [RES_NAME] là [PRICE] ạ.
TPL_531,Món [DISH_NAME] trong menu [RES_NAME] giá sao?,ASK_DISH_PRICE,"DISH_NAME,RES_NAME",Món [DISH_NAME] trong menu [RES_NAME] giá [PRICE].
TPL_532,[RES_NAME] bán [DISH_NAME] bao nhiêu tiền?,ASK_DISH_PRICE,"DISH_NAME,RES_NAME",[RES_NAME] bán [DISH_NAME] giá [PRICE] ạ.
TPL_533,Món tủ [DISH_NAME] của [RES_NAME] giá nhiêu?,ASK_DISH_PRICE,"DISH_NAME,RES_NAME",Món [DISH_NAME] của [RES_NAME] giá [PRICE] ạ.
TPL_534,Chi phí ăn [DISH_NAME] ở [RES_NAME].,ASK_DISH_PRICE,"DISH_NAME,RES_NAME",Giá món [DISH_NAME] ở [RES_NAME] là [PRICE].
TPL_535,Cập nhật giá [DISH_NAME] tại [RES_NAME].,ASK_DISH_PRICE,"DISH_NAME,RES_NAME",Giá hiện tại của [DISH_NAME] ở [RES_NAME] là [PRICE].
TPL_536,[DISH_NAME] giá bao nhiêu ở [RES_NAME]?,ASK_DISH_PRICE,"DISH_NAME,RES_NAME",[DISH_NAME] giá [PRICE] tại [RES_NAME] ạ.
TPL_537,Mức giá cho [DISH_NAME] tại [RES_NAME].,ASK_DISH_PRICE,"DISH_NAME,RES_NAME",Mức giá cho [DISH_NAME] tại [RES_NAME] là [PRICE].
TPL_538,Check bill món [DISH_NAME] [RES_NAME].,ASK_DISH_PRICE,"DISH_NAME,RES_NAME",Món [DISH_NAME] ở [RES_NAME] có giá [PRICE].
TPL_539,Giá [DISH_NAME] [RES_NAME] bao nhiêu k?,ASK_DISH_PRICE,"DISH_NAME,RES_NAME",Giá [DISH_NAME] [RES_NAME] là [PRICE] ạ.
TPL_540,Cho mình giá món [DISH_NAME] ở [RES_NAME] nha.,ASK_DISH_PRICE,"DISH_NAME,RES_NAME",Giá món [DISH_NAME] ở [RES_NAME] là [PRICE] nhé.
TPL_541,Giá món [DISH_NAME] bao nhiêu?,ASK_DISH_PRICE,DISH_NAME,Món [DISH_NAME] có giá [PRICE] ạ.
TPL_542,[DISH_NAME] giá bao nhiêu?,ASK_DISH_PRICE,DISH_NAME,[DISH_NAME] giá [PRICE] ạ.
TPL_543,Bao nhiêu tiền [DISH_NAME]?,ASK_DISH_PRICE,DISH_NAME,[DISH_NAME] là [PRICE] ạ.
TPL_544,[DISH_NAME] giá mấy?,ASK_DISH_PRICE,DISH_NAME,Giá [DISH_NAME]: [PRICE] ạ.
TPL_545,Cho em hỏi giá [DISH_NAME],ASK_DISH_PRICE,DISH_NAME,Dạ [DISH_NAME] giá [PRICE] ạ.
TPL_546,[DISH_NAME] giá thế nào?,ASK_DISH_PRICE,DISH_NAME,[DISH_NAME] có giá [PRICE] ạ.
TPL_547,Xem giá [DISH_NAME],ASK_DISH_PRICE,DISH_NAME,Giá [DISH_NAME] là [PRICE] ạ.
TPL_548,[DISH_NAME] bao nhiêu 1 phần?,ASK_DISH_PRICE,DISH_NAME,[DISH_NAME] [PRICE]/phần ạ.
TPL_549,Giá cả [DISH_NAME],ASK_DISH_PRICE,DISH_NAME,[DISH_NAME] giá [PRICE] ạ.
TPL_550,[DISH_NAME] tầm bao nhiêu?,ASK_DISH_PRICE,DISH_NAME,[DISH_NAME] tầm [PRICE] ạ.
TPL_551,Price [DISH_NAME],ASK_DISH_PRICE,DISH_NAME,[DISH_NAME]: [PRICE] ạ.
TPL_552,[DISH_NAME] hết bao nhiêu?,ASK_DISH_PRICE,DISH_NAME,[DISH_NAME] [PRICE] ạ.












TPL_701,Có nhà hàng nào ở [DISTRICT] không?,SEARCH_RESTAURANT_BY_LOCATION,DISTRICT,Danh sách nhà hàng tại [DISTRICT]: [RESTAURANT_LIST].
TPL_702,"Tìm giúp mình quán ăn khu vực [DISTRICT], [CITY].",SEARCH_RESTAURANT_BY_LOCATION,"DISTRICT,CITY","Tại [DISTRICT], [CITY] có các nhà hàng sau: [RESTAURANT_LIST]."
TPL_703,Danh sách nhà hàng tại [DISTRICT] gồm những đâu?,SEARCH_RESTAURANT_BY_LOCATION,DISTRICT,Ở [DISTRICT] có các nhà hàng: [RESTAURANT_LIST].
TPL_704,"Mình đang ở [DISTRICT], có chỗ nào ngon không?",SEARCH_RESTAURANT_BY_LOCATION,DISTRICT,Tại [DISTRICT] bạn có thể tham khảo: [RESTAURANT_LIST].
TPL_705,Gợi ý vài nhà hàng quanh [DISTRICT] với.,SEARCH_RESTAURANT_BY_LOCATION,DISTRICT,Gợi ý cho bạn các nhà hàng quanh [DISTRICT]: [RESTAURANT_LIST].
TPL_706,Khu vực [DISTRICT] có những quán nào đang hoạt động?,SEARCH_RESTAURANT_BY_LOCATION,DISTRICT,Khu vực [DISTRICT] hiện có các quán: [RESTAURANT_LIST].
TPL_707,Quận [DISTRICT] có quán nào nổi tiếng?,SEARCH_RESTAURANT_BY_LOCATION,DISTRICT,Quận [DISTRICT] có các quán nổi tiếng: [RESTAURANT_LIST].
TPL_708,Tìm nhà hàng gần [DISTRICT] giúp tôi.,SEARCH_RESTAURANT_BY_LOCATION,DISTRICT,Gần [DISTRICT] có các nhà hàng: [RESTAURANT_LIST].
TPL_709,Cho mình list quán ăn ở [DISTRICT].,SEARCH_RESTAURANT_BY_LOCATION,DISTRICT,List quán ăn tại [DISTRICT] đây ạ: [RESTAURANT_LIST].
TPL_710,Ở [DISTRICT] thì ăn ở đâu?,SEARCH_RESTAURANT_BY_LOCATION,DISTRICT,Ở [DISTRICT] bạn có thể ăn tại: [RESTAURANT_LIST].
TPL_711,Quanh [DISTRICT] có nhà hàng nào không?,SEARCH_RESTAURANT_BY_LOCATION,DISTRICT,Quanh [DISTRICT] có: [RESTAURANT_LIST].
TPL_712,Mình muốn tìm quán tại [DISTRICT].,SEARCH_RESTAURANT_BY_LOCATION,DISTRICT,Tại [DISTRICT] có các quán: [RESTAURANT_LIST].
TPL_713,Khu [DISTRICT] có gì ăn không?,SEARCH_RESTAURANT_BY_LOCATION,DISTRICT,Khu [DISTRICT] có các nhà hàng: [RESTAURANT_LIST].
TPL_714,Search nhà hàng khu vực [DISTRICT].,SEARCH_RESTAURANT_BY_LOCATION,DISTRICT,Kết quả tìm kiếm nhà hàng khu vực [DISTRICT]: [RESTAURANT_LIST].
TPL_715,Liệt kê nhà hàng ở [DISTRICT] [CITY].,SEARCH_RESTAURANT_BY_LOCATION,"DISTRICT,CITY",Nhà hàng ở [DISTRICT] [CITY] gồm: [RESTAURANT_LIST].
TPL_716,Bạn biết quán nào ở [DISTRICT] không?,SEARCH_RESTAURANT_BY_LOCATION,DISTRICT,Mình biết các quán sau ở [DISTRICT]: [RESTAURANT_LIST].
TPL_717,Chỗ ăn ngon tại [DISTRICT].,SEARCH_RESTAURANT_BY_LOCATION,DISTRICT,Chỗ ăn ngon tại [DISTRICT]: [RESTAURANT_LIST].
TPL_718,Review nhà hàng khu [DISTRICT].,SEARCH_RESTAURANT_BY_LOCATION,DISTRICT,Khu [DISTRICT] có các nhà hàng được đánh giá cao: [RESTAURANT_LIST].
TPL_719,Tìm địa điểm ăn uống ở [DISTRICT].,SEARCH_RESTAURANT_BY_LOCATION,DISTRICT,Địa điểm ăn uống tại [DISTRICT]: [RESTAURANT_LIST].
TPL_720,Các quán tại [DISTRICT] là quán nào?,SEARCH_RESTAURANT_BY_LOCATION,DISTRICT,Các quán tại [DISTRICT] là: [RESTAURANT_LIST].
TPL_721,Quanh [DISTRICT] có quán nào ngon bổ rẻ?,SEARCH_RESTAURANT_BY_LOCATION,DISTRICT,Quanh [DISTRICT] có các quán: [RESTAURANT_LIST].
TPL_722,Chỉ mình mấy quán ở [DISTRICT] với.,SEARCH_RESTAURANT_BY_LOCATION,DISTRICT,Tại [DISTRICT] có mấy quán này: [RESTAURANT_LIST].
TPL_723,Tìm quán nhậu khu [DISTRICT].,SEARCH_RESTAURANT_BY_LOCATION,DISTRICT,Quán khu [DISTRICT] gồm: [RESTAURANT_LIST].
TPL_724,Nhà hàng sang trọng tại [DISTRICT].,SEARCH_RESTAURANT_BY_LOCATION,DISTRICT,Tại [DISTRICT] có nhà hàng: [RESTAURANT_LIST].
TPL_725,Gần [DISTRICT] có chỗ nào ăn gia đình không?,SEARCH_RESTAURANT_BY_LOCATION,DISTRICT,Gần [DISTRICT] có chỗ ăn gia đình: [RESTAURANT_LIST].
TPL_726,Ở [DISTRICT] thì đi ăn ở đâu được?,SEARCH_RESTAURANT_BY_LOCATION,DISTRICT,Ở [DISTRICT] bạn có thể đến: [RESTAURANT_LIST].
TPL_727,List giúp mình quán ăn tại [DISTRICT].,SEARCH_RESTAURANT_BY_LOCATION,DISTRICT,List quán ăn tại [DISTRICT]: [RESTAURANT_LIST].
TPL_728,Khu vực [DISTRICT] có quán nào nổi không?,SEARCH_RESTAURANT_BY_LOCATION,DISTRICT,Khu vực [DISTRICT] có quán nổi bật: [RESTAURANT_LIST].
TPL_729,Tìm nhà hàng món Việt ở [DISTRICT].,SEARCH_RESTAURANT_BY_LOCATION,DISTRICT,Nhà hàng ở [DISTRICT] có: [RESTAURANT_LIST].
TPL_730,Mình đang tìm quán gần [DISTRICT].,SEARCH_RESTAURANT_BY_LOCATION,DISTRICT,Gần [DISTRICT] có các quán: [RESTAURANT_LIST].
TPL_731,Recommend quán ăn khu [DISTRICT].,SEARCH_RESTAURANT_BY_LOCATION,DISTRICT,Recommend quán ăn khu [DISTRICT]: [RESTAURANT_LIST].
TPL_732,Địa chỉ ăn uống ở [DISTRICT].,SEARCH_RESTAURANT_BY_LOCATION,DISTRICT,Địa chỉ ăn uống tại [DISTRICT]: [RESTAURANT_LIST].
TPL_733,Quận [DISTRICT] có gì ăn ngon?,SEARCH_RESTAURANT_BY_LOCATION,DISTRICT,Quận [DISTRICT] có: [RESTAURANT_LIST].
TPL_734,Danh sách quán ngon [DISTRICT].,SEARCH_RESTAURANT_BY_LOCATION,DISTRICT,Danh sách quán ngon [DISTRICT]: [RESTAURANT_LIST].
TPL_735,Kiếm quán ăn khu vực [DISTRICT].,SEARCH_RESTAURANT_BY_LOCATION,DISTRICT,Quán ăn khu vực [DISTRICT]: [RESTAURANT_LIST].
TPL_736,Chỗ nào ăn trưa ở [DISTRICT]?,SEARCH_RESTAURANT_BY_LOCATION,DISTRICT,Ở [DISTRICT] có thể ăn trưa tại: [RESTAURANT_LIST].
TPL_737,Nhà hàng view đẹp [DISTRICT].,SEARCH_RESTAURANT_BY_LOCATION,DISTRICT,Tại [DISTRICT] có nhà hàng: [RESTAURANT_LIST].
TPL_738,Tìm quán ăn tối quanh [DISTRICT].,SEARCH_RESTAURANT_BY_LOCATION,DISTRICT,Quán ăn tối quanh [DISTRICT]: [RESTAURANT_LIST].
TPL_739,Ở [DISTRICT] có nhà hàng nào không?,SEARCH_RESTAURANT_BY_LOCATION,DISTRICT,Ở [DISTRICT] có: [RESTAURANT_LIST].
TPL_740,Gợi ý địa điểm ăn uống tại [DISTRICT].,SEARCH_RESTAURANT_BY_LOCATION,DISTRICT,Gợi ý tại [DISTRICT]: [RESTAURANT_LIST].
TPL_741,Có nhà hàng nào ở [LOCATION]?,SEARCH_RESTAURANT_BY_LOCATION,LOCATION,Các nhà hàng ở [LOCATION]: [RESTAURANT_LIST] ạ.
TPL_742,Tìm nhà hàng [LOCATION],SEARCH_RESTAURANT_BY_LOCATION,LOCATION,Nhà hàng tại [LOCATION]: [RESTAURANT_LIST] ạ.
TPL_743,Nhà hàng nào ở [LOCATION]?,SEARCH_RESTAURANT_BY_LOCATION,LOCATION,Ở [LOCATION] có: [RESTAURANT_LIST] ạ.
TPL_744,[LOCATION] có nhà hàng gì?,SEARCH_RESTAURANT_BY_LOCATION,LOCATION,[LOCATION] có [RESTAURANT_LIST] ạ.
TPL_745,Gợi ý nhà hàng [LOCATION],SEARCH_RESTAURANT_BY_LOCATION,LOCATION,Gợi ý [LOCATION]: [RESTAURANT_LIST] ạ.
TPL_746,Tìm quán ăn [LOCATION],SEARCH_RESTAURANT_BY_LOCATION,LOCATION,Quán ăn [LOCATION]: [RESTAURANT_LIST] ạ.
TPL_747,Danh sách nhà hàng [LOCATION],SEARCH_RESTAURANT_BY_LOCATION,LOCATION,Danh sách [LOCATION]: [RESTAURANT_LIST] ạ.
TPL_748,[LOCATION] có quán nào?,SEARCH_RESTAURANT_BY_LOCATION,LOCATION,[LOCATION] có: [RESTAURANT_LIST] ạ.
TPL_749,Nhà hàng khu [LOCATION],SEARCH_RESTAURANT_BY_LOCATION,LOCATION,Nhà hàng khu [LOCATION]: [RESTAURANT_LIST] ạ.
TPL_750,Search nhà hàng [LOCATION],SEARCH_RESTAURANT_BY_LOCATION,LOCATION,Kết quả [LOCATION]: [RESTAURANT_LIST] ạ.
TPL_751,Quán ăn ở [LOCATION],SEARCH_RESTAURANT_BY_LOCATION,LOCATION,Quán ăn [LOCATION]: [RESTAURANT_LIST] ạ.
TPL_752,[LOCATION] có mấy nhà hàng?,SEARCH_RESTAURANT_BY_LOCATION,LOCATION,[LOCATION] có các nhà hàng: [RESTAURANT_LIST] ạ.













